[{"Plan": {"Node Type": "Aggregate", "Strategy": "Plain", "Partial Mode": "Finalize", "Parallel Aware": false, "Startup Cost": 594803.93, "Total Cost": 594803.94, "Plan Rows": 1, "Plan Width": 8, "Actual Startup Time": 6978.755, "Actual Total Time": 7044.006, "Actual Rows": 1, "Actual Loops": 1, "Shared Hit Blocks": 55818, "Shared Read Blocks": 251823, "Shared Dirtied Blocks": 0, "Shared Written Blocks": 0, "Local Hit Blocks": 0, "Local Read Blocks": 0, "Local Dirtied Blocks": 0, "Local Written Blocks": 0, "Temp Read Blocks": 32069, "Temp Written Blocks": 32968, "Plans": [{"Node Type": "Gather", "Parent Relationship": "Outer", "Parallel Aware": false, "Startup Cost": 594803.72, "Total Cost": 594803.93, "Plan Rows": 2, "Plan Width": 8, "Actual Startup Time": 6977.675, "Actual Total Time": 7043.994, "Actual Rows": 3, "Actual Loops": 1, "Workers Planned": 2, "Workers Launched": 2, "Single Copy": false, "Shared Hit Blocks": 55818, "Shared Read Blocks": 251823, "Shared Dirtied Blocks": 0, "Shared Written Blocks": 0, "Local Hit Blocks": 0, "Local Read Blocks": 0, "Local Dirtied Blocks": 0, "Local Written Blocks": 0, "Temp Read Blocks": 32069, "Temp Written Blocks": 32968, "Plans": [{"Node Type": "Aggregate", "Strategy": "Plain", "Partial Mode": "Partial", "Parent Relationship": "Outer", "Parallel Aware": false, "Startup Cost": 593803.72, "Total Cost": 593803.73, "Plan Rows": 1, "Plan Width": 8, "Actual Startup Time": 6975.821, "Actual Total Time": 6975.832, "Actual Rows": 1, "Actual Loops": 3, "Shared Hit Blocks": 55818, "Shared Read Blocks": 251823, "Shared Dirtied Blocks": 0, "Shared Written Blocks": 0, "Local Hit Blocks": 0, "Local Read Blocks": 0, "Local Dirtied Blocks": 0, "Local Written Blocks": 0, "Temp Read Blocks": 32069, "Temp Written Blocks": 32968, "Workers": [], "Plans": [{"Node Type": "Hash Join", "Parent Relationship": "Outer", "Parallel Aware": true, "Join Type": "Inner", "Startup Cost": 126775.16, "Total Cost": 590857.91, "Plan Rows": 1178324, "Plan Width": 0, "Actual Startup Time": 5955.482, "Actual Total Time": 6770.181, "Actual Rows": 1483618, "Actual Loops": 3, "Inner Unique": false, "Hash Cond": "(ci.movie_id = t.id)", "Shared Hit Blocks": 55818, "Shared Read Blocks": 251823, "Shared Dirtied Blocks": 0, "Shared Written Blocks": 0, "Local Hit Blocks": 0, "Local Read Blocks": 0, "Local Dirtied Blocks": 0, "Local Written Blocks": 0, "Temp Read Blocks": 32069, "Temp Written Blocks": 32968, "Workers": [], "Plans": [{"Node Type": "Seq Scan", "Parent Relationship": "Outer", "Parallel Aware": true, "Relation Name": "cast_info", "Alias": "ci", "Startup Cost": 0.0, "Total Cost": 441722.42, "Plan Rows": 1141774, "Plan Width": 4, "Actual Startup Time": 2185.103, "Actual Total Time": 3382.883, "Actual Rows": 909648, "Actual Loops": 3, "Filter": "(role_id = 4)", "Rows Removed by Filter": 11171800, "Shared Hit Blocks": 864, "Shared Read Blocks": 251823, "Shared Dirtied Blocks": 0, "Shared Written Blocks": 0, "Local Hit Blocks": 0, "Local Read Blocks": 0, "Local Dirtied Blocks": 0, "Local Written Blocks": 0, "Temp Read Blocks": 0, "Temp Written Blocks": 0, "Workers": []}, {"Node Type": "Hash", "Parent Relationship": "Inner", "Parallel Aware": true, "Startup Cost": 108938.95, "Total Cost": 108938.95, "Plan Rows": 1087137, "Plan Width": 8, "Actual Startup Time": 2216.958, "Actual Total Time": 2216.965, "Actual Rows": 869710, "Actual Loops": 3, "Hash Buckets": 131072, "Original Hash Buckets": 131072, "Hash Batches": 64, "Original Hash Batches": 64, "Peak Memory Usage": 2688, "Shared Hit Blocks": 54788, "Shared Read Blocks": 0, "Shared Dirtied Blocks": 0, "Shared Written Blocks": 0, "Local Hit Blocks": 0, "Local Read Blocks": 0, "Local Dirtied Blocks": 0, "Local Written Blocks": 0, "Temp Read Blocks": 15139, "Temp Written Blocks": 24520, "Workers": [], "Plans": [{"Node Type": "Hash Join", "Parent Relationship": "Outer", "Parallel Aware": true, "Join Type": "Inner", "Startup Cost": 63814.84, "Total Cost": 108938.95, "Plan Rows": 1087137, "Plan Width": 8, "Actual Startup Time": 1163.111, "Actual Total Time": 1840.301, "Actual Rows": 869710, "Actual Loops": 3, "Inner Unique": true, "Hash Cond": "(mc.movie_id = t.id)", "Shared Hit Blocks": 54788, "Shared Read Blocks": 0, "Shared Dirtied Blocks": 0, "Shared Written Blocks": 0, "Local Hit Blocks": 0, "Local Read Blocks": 0, "Local Dirtied Blocks": 0, "Local Written Blocks": 0, "Temp Read Blocks": 15139, "Temp Written Blocks": 15600, "Workers": [], "Plans": [{"Node Type": "Seq Scan", "Parent Relationship": "Outer", "Parallel Aware": true, "Relation Name": "movie_companies", "Alias": "mc", "Startup Cost": 0.0, "Total Cost": 29661.37, "Plan Rows": 1087137, "Plan Width": 4, "Actual Startup Time": 0.019, "Actual Total Time": 254.353, "Actual Rows": 869710, "Actual Loops": 3, "Shared Hit Blocks": 18790, "Shared Read Blocks": 0, "Shared Dirtied Blocks": 0, "Shared Written Blocks": 0, "Local Hit Blocks": 0, "Local Read Blocks": 0, "Local Dirtied Blocks": 0, "Local Written Blocks": 0, "Temp Read Blocks": 0, "Temp Written Blocks": 0, "Workers": []}, {"Node Type": "Hash", "Parent Relationship": "Inner", "Parallel Aware": true, "Startup Cost": 46532.15, "Total Cost": 46532.15, "Plan Rows": 1053415, "Plan Width": 4, "Actual Startup Time": 578.064, "Actual Total Time": 578.066, "Actual Rows": 842771, "Actual Loops": 3, "Hash Buckets": 131072, "Original Hash Buckets": 131072, "Hash Batches": 64, "Original Hash Batches": 64, "Peak Memory Usage": 2656, "Shared Hit Blocks": 35998, "Shared Read Blocks": 0, "Shared Dirtied Blocks": 0, "Shared Written Blocks": 0, "Local Hit Blocks": 0, "Local Read Blocks": 0, "Local Dirtied Blocks": 0, "Local Written Blocks": 0, "Temp Read Blocks": 0, "Temp Written Blocks": 7560, "Workers": [], "Plans": [{"Node Type": "Seq Scan", "Parent Relationship": "Outer", "Parallel Aware": true, "Relation Name": "title", "Alias": "t", "Startup Cost": 0.0, "Total Cost": 46532.15, "Plan Rows": 1053415, "Plan Width": 4, "Actual Startup Time": 0.012, "Actual Total Time": 255.311, "Actual Rows": 842771, "Actual Loops": 3, "Shared Hit Blocks": 35998, "Shared Read Blocks": 0, "Shared Dirtied Blocks": 0, "Shared Written Blocks": 0, "Local Hit Blocks": 0, "Local Read Blocks": 0, "Local Dirtied Blocks": 0, "Local Written Blocks": 0, "Temp Read Blocks": 0, "Temp Written Blocks": 0, "Workers": []}]}]}]}]}]}]}]}, "Planning": {"Shared Hit Blocks": 24, "Shared Read Blocks": 0, "Shared Dirtied Blocks": 0, "Shared Written Blocks": 0, "Local Hit Blocks": 0, "Local Read Blocks": 0, "Local Dirtied Blocks": 0, "Local Written Blocks": 0, "Temp Read Blocks": 0, "Temp Written Blocks": 0}, "Planning Time": 0.452, "Triggers": [], "Execution Time": 7044.126}]