[{"Plan": {"Node Type": "Aggregate", "Strategy": "Plain", "Partial Mode": "Simple", "Parallel Aware": false, "Startup Cost": 50577.82, "Total Cost": 50577.83, "Plan Rows": 1, "Plan Width": 8, "Actual Startup Time": 419.303, "Actual Total Time": 422.955, "Actual Rows": 1, "Actual Loops": 1, "Shared Hit Blocks": 26911, "Shared Read Blocks": 0, "Shared Dirtied Blocks": 0, "Shared Written Blocks": 0, "Local Hit Blocks": 0, "Local Read Blocks": 0, "Local Dirtied Blocks": 0, "Local Written Blocks": 0, "Temp Read Blocks": 0, "Temp Written Blocks": 0, "Plans": [{"Node Type": "Gather", "Parent Relationship": "Outer", "Parallel Aware": false, "Startup Cost": 16123.12, "Total Cost": 50577.81, "Plan Rows": 1, "Plan Width": 0, "Actual Startup Time": 309.267, "Actual Total Time": 422.939, "Actual Rows": 16, "Actual Loops": 1, "Workers Planned": 2, "Workers Launched": 2, "Single Copy": false, "Shared Hit Blocks": 26911, "Shared Read Blocks": 0, "Shared Dirtied Blocks": 0, "Shared Written Blocks": 0, "Local Hit Blocks": 0, "Local Read Blocks": 0, "Local Dirtied Blocks": 0, "Local Written Blocks": 0, "Temp Read Blocks": 0, "Temp Written Blocks": 0, "Plans": [{"Node Type": "Nested Loop", "Parent Relationship": "Outer", "Parallel Aware": false, "Join Type": "Inner", "Startup Cost": 15123.12, "Total Cost": 49577.71, "Plan Rows": 1, "Plan Width": 0, "Actual Startup Time": 295.015, "Actual Total Time": 416.79, "Actual Rows": 5, "Actual Loops": 3, "Inner Unique": true, "Shared Hit Blocks": 26911, "Shared Read Blocks": 0, "Shared Dirtied Blocks": 0, "Shared Written Blocks": 0, "Local Hit Blocks": 0, "Local Read Blocks": 0, "Local Dirtied Blocks": 0, "Local Written Blocks": 0, "Temp Read Blocks": 0, "Temp Written Blocks": 0, "Workers": [], "Plans": [{"Node Type": "Hash Join", "Parent Relationship": "Outer", "Parallel Aware": true, "Join Type": "Inner", "Startup Cost": 15122.69, "Total Cost": 49577.13, "Plan Rows": 1, "Plan Width": 8, "Actual Startup Time": 294.971, "Actual Total Time": 416.627, "Actual Rows": 7, "Actual Loops": 3, "Inner Unique": false, "Hash Cond": "(mc.movie_id = mi_idx.movie_id)", "Shared Hit Blocks": 26821, "Shared Read Blocks": 0, "Shared Dirtied Blocks": 0, "Shared Written Blocks": 0, "Local Hit Blocks": 0, "Local Read Blocks": 0, "Local Dirtied Blocks": 0, "Local Written Blocks": 0, "Temp Read Blocks": 0, "Temp Written Blocks": 0, "Workers": [], "Plans": [{"Node Type": "Seq Scan", "Parent Relationship": "Outer", "Parallel Aware": true, "Relation Name": "movie_companies", "Alias": "mc", "Startup Cost": 0.0, "Total Cost": 32379.21, "Plan Rows": 553389, "Plan Width": 4, "Actual Startup Time": 92.409, "Actual Total Time": 224.9, "Actual Rows": 444961, "Actual Loops": 3, "Filter": "(company_type_id = 2)", "Rows Removed by Filter": 424749, "Shared Hit Blocks": 18790, "Shared Read Blocks": 0, "Shared Dirtied Blocks": 0, "Shared Written Blocks": 0, "Local Hit Blocks": 0, "Local Read Blocks": 0, "Local Dirtied Blocks": 0, "Local Written Blocks": 0, "Temp Read Blocks": 0, "Temp Written Blocks": 0, "Workers": []}, {"Node Type": "Hash", "Parent Relationship": "Inner", "Parallel Aware": true, "Startup Cost": 15122.68, "Total Cost": 15122.68, "Plan Rows": 1, "Plan Width": 4, "Actual Startup Time": 97.389, "Actual Total Time": 97.389, "Actual Rows": 3, "Actual Loops": 3, "Hash Buckets": 1024, "Original Hash Buckets": 1024, "Hash Batches": 1, "Original Hash Batches": 1, "Peak Memory Usage": 40, "Shared Hit Blocks": 7935, "Shared Read Blocks": 0, "Shared Dirtied Blocks": 0, "Shared Written Blocks": 0, "Local Hit Blocks": 0, "Local Read Blocks": 0, "Local Dirtied Blocks": 0, "Local Written Blocks": 0, "Temp Read Blocks": 0, "Temp Written Blocks": 0, "Workers": [], "Plans": [{"Node Type": "Seq Scan", "Parent Relationship": "Outer", "Parallel Aware": true, "Relation Name": "movie_info_idx", "Alias": "mi_idx", "Startup Cost": 0.0, "Total Cost": 15122.68, "Plan Rows": 1, "Plan Width": 4, "Actual Startup Time": 97.247, "Actual Total Time": 97.249, "Actual Rows": 3, "Actual Loops": 3, "Filter": "(info_type_id = 113)", "Rows Removed by Filter": 460008, "Shared Hit Blocks": 7935, "Shared Read Blocks": 0, "Shared Dirtied Blocks": 0, "Shared Written Blocks": 0, "Local Hit Blocks": 0, "Local Read Blocks": 0, "Local Dirtied Blocks": 0, "Local Written Blocks": 0, "Temp Read Blocks": 0, "Temp Written Blocks": 0, "Workers": []}]}]}, {"Node Type": "Index Scan", "Parent Relationship": "Inner", "Parallel Aware": false, "Scan Direction": "Forward", "Index Name": "title_pkey", "Relation Name": "title", "Alias": "t", "Startup Cost": 0.43, "Total Cost": 0.59, "Plan Rows": 1, "Plan Width": 4, "Actual Startup Time": 0.017, "Actual Total Time": 0.018, "Actual Rows": 1, "Actual Loops": 22, "Index Cond": "(id = mc.movie_id)", "Rows Removed by Index Recheck": 0, "Filter": "(production_year > 2000)", "Rows Removed by Filter": 0, "Shared Hit Blocks": 90, "Shared Read Blocks": 0, "Shared Dirtied Blocks": 0, "Shared Written Blocks": 0, "Local Hit Blocks": 0, "Local Read Blocks": 0, "Local Dirtied Blocks": 0, "Local Written Blocks": 0, "Temp Read Blocks": 0, "Temp Written Blocks": 0, "Workers": []}]}]}]}, "Planning": {"Shared Hit Blocks": 24, "Shared Read Blocks": 0, "Shared Dirtied Blocks": 0, "Shared Written Blocks": 0, "Local Hit Blocks": 0, "Local Read Blocks": 0, "Local Dirtied Blocks": 0, "Local Written Blocks": 0, "Temp Read Blocks": 0, "Temp Written Blocks": 0}, "Planning Time": 0.513, "Triggers": [], "Execution Time": 423.03}]