[{"Plan": {"Node Type": "Aggregate", "Strategy": "Plain", "Partial Mode": "Finalize", "Parallel Aware": false, "Startup Cost": 568627.6, "Total Cost": 568627.61, "Plan Rows": 1, "Plan Width": 8, "Actual Startup Time": 8092.257, "Actual Total Time": 8097.371, "Actual Rows": 1, "Actual Loops": 1, "Shared Hit Blocks": 171096, "Shared Read Blocks": 251151, "Shared Dirtied Blocks": 0, "Shared Written Blocks": 0, "Local Hit Blocks": 0, "Local Read Blocks": 0, "Local Dirtied Blocks": 0, "Local Written Blocks": 0, "Temp Read Blocks": 0, "Temp Written Blocks": 0, "Plans": [{"Node Type": "Gather", "Parent Relationship": "Outer", "Parallel Aware": false, "Startup Cost": 568627.39, "Total Cost": 568627.6, "Plan Rows": 2, "Plan Width": 8, "Actual Startup Time": 8090.451, "Actual Total Time": 8097.356, "Actual Rows": 3, "Actual Loops": 1, "Workers Planned": 2, "Workers Launched": 2, "Single Copy": false, "Shared Hit Blocks": 171096, "Shared Read Blocks": 251151, "Shared Dirtied Blocks": 0, "Shared Written Blocks": 0, "Local Hit Blocks": 0, "Local Read Blocks": 0, "Local Dirtied Blocks": 0, "Local Written Blocks": 0, "Temp Read Blocks": 0, "Temp Written Blocks": 0, "Plans": [{"Node Type": "Aggregate", "Strategy": "Plain", "Partial Mode": "Partial", "Parent Relationship": "Outer", "Parallel Aware": false, "Startup Cost": 567627.39, "Total Cost": 567627.4, "Plan Rows": 1, "Plan Width": 8, "Actual Startup Time": 8087.971, "Actual Total Time": 8087.978, "Actual Rows": 1, "Actual Loops": 3, "Shared Hit Blocks": 171096, "Shared Read Blocks": 251151, "Shared Dirtied Blocks": 0, "Shared Written Blocks": 0, "Local Hit Blocks": 0, "Local Read Blocks": 0, "Local Dirtied Blocks": 0, "Local Written Blocks": 0, "Temp Read Blocks": 0, "Temp Written Blocks": 0, "Workers": [], "Plans": [{"Node Type": "Hash Join", "Parent Relationship": "Outer", "Parallel Aware": true, "Join Type": "Inner", "Startup Cost": 105245.12, "Total Cost": 566968.78, "Plan Rows": 263445, "Plan Width": 0, "Actual Startup Time": 875.147, "Actual Total Time": 7719.661, "Actual Rows": 2598975, "Actual Loops": 3, "Inner Unique": false, "Hash Cond": "(ci.movie_id = t.id)", "Shared Hit Blocks": 171096, "Shared Read Blocks": 251151, "Shared Dirtied Blocks": 0, "Shared Written Blocks": 0, "Local Hit Blocks": 0, "Local Read Blocks": 0, "Local Dirtied Blocks": 0, "Local Written Blocks": 0, "Temp Read Blocks": 0, "Temp Written Blocks": 0, "Workers": [], "Plans": [{"Node Type": "Seq Scan", "Parent Relationship": "Outer", "Parallel Aware": true, "Relation Name": "cast_info", "Alias": "ci", "Startup Cost": 0.0, "Total Cost": 403915.33, "Plan Rows": 15122833, "Plan Width": 4, "Actual Startup Time": 0.46, "Actual Total Time": 2072.319, "Actual Rows": 12081448, "Actual Loops": 3, "Shared Hit Blocks": 1536, "Shared Read Blocks": 251151, "Shared Dirtied Blocks": 0, "Shared Written Blocks": 0, "Local Hit Blocks": 0, "Local Read Blocks": 0, "Local Dirtied Blocks": 0, "Local Written Blocks": 0, "Temp Read Blocks": 0, "Temp Written Blocks": 0, "Workers": []}, {"Node Type": "Hash", "Parent Relationship": "Inner", "Parallel Aware": true, "Startup Cost": 105015.73, "Total Cost": 105015.73, "Plan Rows": 18351, "Plan Width": 12, "Actual Startup Time": 874.226, "Actual Total Time": 874.231, "Actual Rows": 49517, "Actual Loops": 3, "Hash Buckets": 262144, "Original Hash Buckets": 65536, "Hash Batches": 1, "Original Hash Batches": 1, "Peak Memory Usage": 10592, "Shared Hit Blocks": 169494, "Shared Read Blocks": 0, "Shared Dirtied Blocks": 0, "Shared Written Blocks": 0, "Local Hit Blocks": 0, "Local Read Blocks": 0, "Local Dirtied Blocks": 0, "Local Written Blocks": 0, "Temp Read Blocks": 0, "Temp Written Blocks": 0, "Workers": [], "Plans": [{"Node Type": "Hash Join", "Parent Relationship": "Outer", "Parallel Aware": true, "Join Type": "Inner", "Startup Cost": 71201.14, "Total Cost": 105015.73, "Plan Rows": 18351, "Plan Width": 12, "Actual Startup Time": 393.198, "Actual Total Time": 836.243, "Actual Rows": 49517, "Actual Loops": 3, "Inner Unique": false, "Hash Cond": "(mc.movie_id = t.id)", "Shared Hit Blocks": 169494, "Shared Read Blocks": 0, "Shared Dirtied Blocks": 0, "Shared Written Blocks": 0, "Local Hit Blocks": 0, "Local Read Blocks": 0, "Local Dirtied Blocks": 0, "Local Written Blocks": 0, "Temp Read Blocks": 0, "Temp Written Blocks": 0, "Workers": [], "Plans": [{"Node Type": "Seq Scan", "Parent Relationship": "Outer", "Parallel Aware": true, "Relation Name": "movie_companies", "Alias": "mc", "Startup Cost": 0.0, "Total Cost": 29661.37, "Plan Rows": 1087137, "Plan Width": 4, "Actual Startup Time": 0.018, "Actual Total Time": 132.814, "Actual Rows": 869710, "Actual Loops": 3, "Shared Hit Blocks": 18790, "Shared Read Blocks": 0, "Shared Dirtied Blocks": 0, "Shared Written Blocks": 0, "Local Hit Blocks": 0, "Local Read Blocks": 0, "Local Dirtied Blocks": 0, "Local Written Blocks": 0, "Temp Read Blocks": 0, "Temp Written Blocks": 0, "Workers": []}, {"Node Type": "Hash", "Parent Relationship": "Inner", "Parallel Aware": true, "Startup Cost": 70978.86, "Total Cost": 70978.86, "Plan Rows": 17782, "Plan Width": 8, "Actual Startup Time": 392.589, "Actual Total Time": 392.591, "Actual Rows": 13947, "Actual Loops": 3, "Hash Buckets": 65536, "Original Hash Buckets": 65536, "Hash Batches": 1, "Original Hash Batches": 1, "Peak Memory Usage": 2176, "Shared Hit Blocks": 150704, "Shared Read Blocks": 0, "Shared Dirtied Blocks": 0, "Shared Written Blocks": 0, "Local Hit Blocks": 0, "Local Read Blocks": 0, "Local Dirtied Blocks": 0, "Local Written Blocks": 0, "Temp Read Blocks": 0, "Temp Written Blocks": 0, "Workers": [], "Plans": [{"Node Type": "Nested Loop", "Parent Relationship": "Outer", "Parallel Aware": false, "Join Type": "Inner", "Startup Cost": 0.43, "Total Cost": 70978.86, "Plan Rows": 17782, "Plan Width": 8, "Actual Startup Time": 0.057, "Actual Total Time": 383.714, "Actual Rows": 13947, "Actual Loops": 3, "Inner Unique": true, "Shared Hit Blocks": 150704, "Shared Read Blocks": 0, "Shared Dirtied Blocks": 0, "Shared Written Blocks": 0, "Local Hit Blocks": 0, "Local Read Blocks": 0, "Local Dirtied Blocks": 0, "Local Written Blocks": 0, "Temp Read Blocks": 0, "Temp Written Blocks": 0, "Workers": [], "Plans": [{"Node Type": "Seq Scan", "Parent Relationship": "Outer", "Parallel Aware": true, "Relation Name": "movie_keyword", "Alias": "mk", "Startup Cost": 0.0, "Total Cost": 48016.14, "Plan Rows": 17782, "Plan Width": 4, "Actual Startup Time": 0.03, "Actual Total Time": 295.65, "Actual Rows": 13947, "Actual Loops": 3, "Filter": "(keyword_id = 117)", "Rows Removed by Filter": 1494030, "Shared Hit Blocks": 24454, "Shared Read Blocks": 0, "Shared Dirtied Blocks": 0, "Shared Written Blocks": 0, "Local Hit Blocks": 0, "Local Read Blocks": 0, "Local Dirtied Blocks": 0, "Local Written Blocks": 0, "Temp Read Blocks": 0, "Temp Written Blocks": 0, "Workers": []}, {"Node Type": "Index Only Scan", "Parent Relationship": "Inner", "Parallel Aware": false, "Scan Direction": "Forward", "Index Name": "title_pkey", "Relation Name": "title", "Alias": "t", "Startup Cost": 0.43, "Total Cost": 1.29, "Plan Rows": 1, "Plan Width": 4, "Actual Startup Time": 0.005, "Actual Total Time": 0.005, "Actual Rows": 1, "Actual Loops": 41840, "Index Cond": "(id = mk.movie_id)", "Rows Removed by Index Recheck": 0, "Heap Fetches": 0, "Shared Hit Blocks": 126250, "Shared Read Blocks": 0, "Shared Dirtied Blocks": 0, "Shared Written Blocks": 0, "Local Hit Blocks": 0, "Local Read Blocks": 0, "Local Dirtied Blocks": 0, "Local Written Blocks": 0, "Temp Read Blocks": 0, "Temp Written Blocks": 0, "Workers": []}]}]}]}]}]}]}]}]}, "Planning": {"Shared Hit Blocks": 40, "Shared Read Blocks": 0, "Shared Dirtied Blocks": 0, "Shared Written Blocks": 0, "Local Hit Blocks": 0, "Local Read Blocks": 0, "Local Dirtied Blocks": 0, "Local Written Blocks": 0, "Temp Read Blocks": 0, "Temp Written Blocks": 0}, "Planning Time": 0.97, "Triggers": [], "Execution Time": 8097.462}]